Top_1,Top_2,Top_3,Top_5,Top_7,Top_10,Top_20,Top_50,model,criteria
0.12903225806451613,0.1850203930292918,0.22172784575454207,0.2721542454579162,0.3110863922877271,0.350018539117538,0.43196143863552094,0.5583982202447163,bert-base,ctx_id
0.3281423804226919,0.43492769744160176,0.4938820912124583,0.5672969966629589,0.6203188728216537,0.6633296255098258,0.7597330367074527,0.8809788654060067,bert-base,tit_id
0.30552465702632553,0.43270300333704115,0.5127919911012235,0.610678531701891,0.6792732665925102,0.7304412309974045,0.8298109010011123,0.8984056358917315,museum_5epochs,ctx_id
0.6922506488691138,0.7923618835743419,0.8357434186132741,0.882091212458287,0.9039673711531331,0.9247311827956989,0.9514275120504264,0.9740452354467928,museum_5epochs,tit_id
0.3255469039673711,0.46421950315165,0.5506117908787542,0.6525769373377828,0.7133852428624398,0.760845383759733,0.8427882832777159,0.907304412309974,merged_pn_5ep,ctx_id
0.7115313311086392,0.8131256952169077,0.8609566184649611,0.9061920652576937,0.9258435298479792,0.9388209121245829,0.9603262884686689,0.982202447163515,merged_pn_5ep,tit_id
0.21245828698553948,0.310715609936967,0.37189469781238416,0.4660734149054505,0.5176121616611049,0.5728587319243604,0.675194660734149,0.7882832777159807,aihub_5epochs,ctx_id
0.5921394141638858,0.6992955135335558,0.7541713014460512,0.8112717834631071,0.8483500185391175,0.8813496477567668,0.9295513533555803,0.9658880237300704,aihub_5epochs,tit_id
