Top_1,Top_2,Top_3,Top_5,Top_7,Top_10,Top_20,Top_50,Top_70,Top_100,question_len,model
0.12903225806451613,0.1850203930292918,0.22172784575454207,0.2721542454579162,0.3110863922877271,0.350018539117538,0.43196143863552094,0.5583982202447163,0.6084538375973304,0.6588802373007044,2697,bert-base
0.30552465702632553,0.43270300333704115,0.5127919911012235,0.610678531701891,0.6792732665925102,0.7304412309974045,0.8298109010011123,0.8984056358917315,0.914349276974416,0.9299221357063404,2697,museum_5epochs
0.3255469039673711,0.46421950315165,0.5506117908787542,0.6525769373377828,0.7133852428624398,0.760845383759733,0.8427882832777159,0.907304412309974,0.9310344827586207,0.9447534297367445,2697,merged_pn_5ep
0.21245828698553948,0.310715609936967,0.37189469781238416,0.4660734149054505,0.5176121616611049,0.5728587319243604,0.675194660734149,0.7882832777159807,0.8223952539859103,0.8539117538005191,2697,aihub_5epochs
